<Renames><Rename FromName="PlantUML" ToName="PlantUML" Include="true"></Rename><Rename FromName="PlantUML.__PlantUMLId" ToName="PlantUMLId" Include="true" IsCollection="false" Description="" DataType="GUID"></Rename><Rename FromName="ParticipantTypes" ToName="ParticipantTypes" Include="false"></Rename><Rename FromName="ParticipantTypes.__ParticipantTypesId" ToName="ParticipantTypesId" Include="false" IsCollection="false" Description="" DataType="GUID"></Rename><Rename FromName="ParticipantTypes.__PlantUML" ToName="PlantUML" Include="false" IsCollection="0" Description="" DataType="GUID"></Rename><Rename FromName="ParticipantType" ToName="ParticipantType" Include="true"></Rename><Rename FromName="ParticipantType.__ParticipantTypeId" ToName="ParticipantTypeId" Include="false" IsCollection="false" Description="" DataType="GUID"></Rename><Rename FromName="ParticipantType.Name" ToName="Name" Include="true" IsCollection="0" Description="" DataType="TEXT"></Rename><Rename FromName="ParticipantType.__ParticipantTypes" ToName="ParticipantTypes" Include="false" IsCollection="1" Description="" DataType="GUID"></Rename><Rename FromName="Keywords" ToName="Keywords" Include="false"></Rename><Rename FromName="Keywords.__KeywordsId" ToName="KeywordsId" Include="false" IsCollection="false" Description="" DataType="GUID"></Rename><Rename FromName="Keywords.__PlantUML" ToName="PlantUML" Include="false" IsCollection="1" Description="" DataType="GUID"></Rename><Rename FromName="TargetFormat" ToName="TargetFormat" Include="true"></Rename><Rename FromName="TargetFormat.__TargetFormatId" ToName="TargetFormatId" Include="false" IsCollection="false" Description="" DataType="GUID"></Rename><Rename FromName="TargetFormat.Name" ToName="Name" Include="true" IsCollection="0" Description="" DataType="TEXT"></Rename><Rename FromName="TargetFormat.DisplayName" ToName="DisplayName" Include="true" IsCollection="0" Description="" DataType="TEXT"></Rename><Rename FromName="TargetFormat.IsUMLDiagram" ToName="IsUMLDiagram" Include="true" IsCollection="0" Description="" DataType="BOOLEAN"></Rename><Rename FromName="TargetFormat.__Keywords" ToName="Keywords" Include="false" IsCollection="1" Description="" DataType="GUID"></Rename><Rename FromName="Keyword" ToName="Keyword" Include="true"></Rename><Rename FromName="Keyword.__KeywordId" ToName="KeywordId" Include="false" IsCollection="false" Description="" DataType="GUID"></Rename><Rename FromName="Keyword.Name" ToName="Name" Include="true" IsCollection="0" Description="" DataType="TEXT"></Rename><Rename FromName="Keyword.KeywordText" ToName="KeywordText" Include="true" IsCollection="0" Description="" DataType="TEXT"></Rename><Rename FromName="Keyword.RegEx" ToName="RegEx" Include="true" IsCollection="0" Description="" DataType="TEXT"></Rename><Rename FromName="Keyword.__Keywords" ToName="Keywords" Include="false" IsCollection="1" Description="" DataType="GUID"></Rename><Rename FromName="SequenceTypes" ToName="SequenceTypes" Include="false"></Rename><Rename FromName="SequenceTypes.__SequenceTypesId" ToName="SequenceTypesId" Include="false" IsCollection="false" Description="" DataType="GUID"></Rename><Rename FromName="SequenceTypes.__PlantUML" ToName="PlantUML" Include="false" IsCollection="0" Description="" DataType="GUID"></Rename><Rename FromName="SequenceType" ToName="SequenceType" Include="true"></Rename><Rename FromName="SequenceType.__SequenceTypeId" ToName="SequenceTypeId" Include="false" IsCollection="false" Description="" DataType="GUID"></Rename><Rename FromName="SequenceType.Name" ToName="Name" Include="true" IsCollection="0" Description="" DataType="TEXT"></Rename><Rename FromName="SequenceType.SequenceIdentifier" ToName="SequenceIdentifier" Include="true" IsCollection="0" Description="" DataType="TEXT"></Rename><Rename FromName="SequenceType.ReverseSequenceIdentifier" ToName="ReverseSequenceIdentifier" Include="true" IsCollection="0" Description="" DataType="TEXT"></Rename><Rename FromName="SequenceType.__SequenceTypes" ToName="SequenceTypes" Include="false" IsCollection="1" Description="" DataType="GUID"></Rename><Rename FromName="InstructionTypes" ToName="InstructionTypes" Include="false"></Rename><Rename FromName="InstructionTypes.__InstructionTypesId" ToName="InstructionTypesId" Include="true" IsCollection="false" Description="" DataType="GUID"></Rename><Rename FromName="InstructionTypes.__PlantUML" ToName="PlantUML" Include="true" IsCollection="0" Description="" DataType="GUID"></Rename><Rename FromName="InstructionType" ToName="InstructionType" Include="true"></Rename><Rename FromName="InstructionType.__InstructionTypeId" ToName="InstructionTypeId" Include="false" IsCollection="false" Description="" DataType="GUID"></Rename><Rename FromName="InstructionType.Name" ToName="Name" Include="true" IsCollection="0" Description="" DataType="TEXT"></Rename><Rename FromName="InstructionType.KeywordText" ToName="KeywordText" Include="true" IsCollection="0" Description="" DataType="TEXT"></Rename><Rename FromName="InstructionType.RegEx" ToName="RegEx" Include="true" IsCollection="0" Description="" DataType="TEXT"></Rename><Rename FromName="InstructionType.TargetFormatName" ToName="TargetFormatName" Include="true" IsCollection="0" Description="" DataType="TEXT"></Rename><Rename FromName="InstructionType.SampleStatement" ToName="SampleStatement" Include="true" IsCollection="0" Description="" DataType="TEXT"></Rename><Rename FromName="InstructionType.SortOrder" ToName="SortOrder" Include="true" IsCollection="0" Description="" DataType="BYTE"></Rename><Rename FromName="InstructionType.__InstructionTypes" ToName="InstructionTypes" Include="false" IsCollection="1" Description="" DataType="GUID"></Rename><Rename FromName="PlantTextFiles" ToName="PlantTextFiles" Include="false"></Rename><Rename FromName="PlantTextFiles.__PlantTextFilesId" ToName="PlantTextFilesId" Include="false" IsCollection="false" Description="" DataType="GUID"></Rename><Rename FromName="PlantTextFiles.__PlantUML" ToName="PlantUML" Include="false" IsCollection="0" Description="" DataType="GUID"></Rename><Rename FromName="PlantTextFile" ToName="PlantTextFile" Include="true"></Rename><Rename FromName="PlantTextFile.__PlantTextFileId" ToName="PlantTextFileId" Include="false" IsCollection="false" Description="" DataType="GUID"></Rename><Rename FromName="PlantTextFile.Name" ToName="Name" Include="true" IsCollection="0" Description="" DataType="TEXT"></Rename><Rename FromName="PlantTextFile.PlantText" ToName="PlantText" Include="true" IsCollection="0" Description="" DataType="TEXT"></Rename><Rename FromName="PlantTextFile.__PlantTextFiles" ToName="PlantTextFiles" Include="false" IsCollection="1" Description="" DataType="GUID"></Rename><Rename FromName="Instructions" ToName="Instructions" Include="false"></Rename><Rename FromName="Instructions.__InstructionsId" ToName="InstructionsId" Include="false" IsCollection="false" Description="" DataType="GUID"></Rename><Rename FromName="Instructions.__PlantTextFile" ToName="PlantTextFile" Include="false" IsCollection="0" Description="" DataType="GUID"></Rename><Rename FromName="Instruction" ToName="Instruction" Include="true"></Rename><Rename FromName="Instruction.__InstructionId" ToName="InstructionId" Include="false" IsCollection="false" Description="" DataType="GUID"></Rename><Rename FromName="Instruction.Name" ToName="Name" Include="true" IsCollection="0" Description="" DataType="TEXT"></Rename><Rename FromName="Instruction.InstructionType" ToName="InstructionType" Include="true" IsCollection="0" Description="" DataType="TEXT"></Rename><Rename FromName="Instruction.Sequence" ToName="Sequence" Include="true" IsCollection="0" Description="" DataType="TEXT"></Rename><Rename FromName="Instruction.LeftParticipantName" ToName="LeftParticipantName" Include="true" IsCollection="0" Description="" DataType="TEXT"></Rename><Rename FromName="Instruction.RightParticipantName" ToName="RightParticipantName" Include="true" IsCollection="0" Description="" DataType="TEXT"></Rename><Rename FromName="Instruction.AdditionalText" ToName="AdditionalText" Include="true" IsCollection="0" Description="" DataType="TEXT"></Rename><Rename FromName="Instruction.UseAlternateInstructionFormat" ToName="UseAlternateInstructionFormat" Include="true" IsCollection="0" Description="" DataType="BOOLEAN"></Rename><Rename FromName="Instruction.AlternateLeftParticipantName" ToName="AlternateLeftParticipantName" Include="true" IsCollection="0" Description="" DataType="TEXT"></Rename><Rename FromName="Instruction.AlternatSequenceId" ToName="AlternatSequenceId" Include="true" IsCollection="0" Description="" DataType="TEXT"></Rename><Rename FromName="Instruction.AlternateRightParticipantName" ToName="AlternateRightParticipantName" Include="true" IsCollection="0" Description="" DataType="TEXT"></Rename><Rename FromName="Instruction.ExpectedPlantText" ToName="ExpectedPlantText" Include="true" IsCollection="0" Description="" DataType="TEXT"></Rename><Rename FromName="Instruction.LeftRightInstructionText" ToName="LeftRightInstructionText" Include="true" IsCollection="0" Description="" DataType="TEXT"></Rename><Rename FromName="Instruction.DeclarationInstructionText" ToName="DeclarationInstructionText" Include="true" IsCollection="0" Description="" DataType="TEXT"></Rename><Rename FromName="Instruction.SortOrder" ToName="SortOrder" Include="true" IsCollection="0" Description="" DataType="BYTE"></Rename><Rename FromName="Instruction.__Instructions" ToName="Instructions" Include="false" IsCollection="1" Description="" DataType="GUID"></Rename></Renames>