<Renames><Rename FromName="PlantUML" FromObjectName="PlantUML" FromPropertyName="" ToName="PlantUML" ToObjectName="PlantUML" ToPropertyName="" Include="true"></Rename><Rename FromName="PlantUML.__PlantUMLId" FromObjectName="PlantUML" FromPropertyName="__PlantUMLId" ToName="PlantUMLId" ToObjectName="PlantUML" ToPropertyName="PlantUMLId" Include="true" IsCollection="false" Description="" DataType="GUID"></Rename><Rename FromName="ParticipantTypes" FromObjectName="ParticipantTypes" FromPropertyName="" ToName="ParticipantTypes" ToObjectName="ParticipantTypes" ToPropertyName="" Include="false"></Rename><Rename FromName="ParticipantTypes.__ParticipantTypesId" FromObjectName="ParticipantTypes" FromPropertyName="__ParticipantTypesId" ToName="ParticipantTypesId" ToObjectName="ParticipantTypes" ToPropertyName="ParticipantTypesId" Include="false" IsCollection="false" Description="" DataType="GUID"></Rename><Rename FromName="ParticipantTypes.__PlantUML" FromObjectName="ParticipantTypes" FromPropertyName="__PlantUML" ToName="PlantUML" ToObjectName="ParticipantTypes" ToPropertyName="PlantUML" Include="false" IsCollection="0" Description="" DataType="GUID"></Rename><Rename FromName="ParticipantType" FromObjectName="ParticipantType" FromPropertyName="" ToName="ParticipantType" ToObjectName="ParticipantType" ToPropertyName="" Include="true"></Rename><Rename FromName="ParticipantType.__ParticipantTypeId" FromObjectName="ParticipantType" FromPropertyName="__ParticipantTypeId" ToName="ParticipantTypeId" ToObjectName="ParticipantType" ToPropertyName="ParticipantTypeId" Include="false" IsCollection="false" Description="" DataType="GUID"></Rename><Rename FromName="ParticipantType.Name" FromObjectName="ParticipantType" FromPropertyName="Name" ToName="Name" ToObjectName="ParticipantType" ToPropertyName="Name" Include="true" IsCollection="0" Description="" DataType="TEXT"></Rename><Rename FromName="ParticipantType.__ParticipantTypes" FromObjectName="ParticipantType" FromPropertyName="__ParticipantTypes" ToName="ParticipantTypes" ToObjectName="ParticipantType" ToPropertyName="ParticipantTypes" Include="false" IsCollection="1" Description="" DataType="GUID"></Rename><Rename FromName="Keywords" FromObjectName="Keywords" FromPropertyName="" ToName="Keywords" ToObjectName="Keywords" ToPropertyName="" Include="false"></Rename><Rename FromName="Keywords.__KeywordsId" FromObjectName="Keywords" FromPropertyName="__KeywordsId" ToName="KeywordsId" ToObjectName="Keywords" ToPropertyName="KeywordsId" Include="false" IsCollection="false" Description="" DataType="GUID"></Rename><Rename FromName="Keywords.__PlantUML" FromObjectName="Keywords" FromPropertyName="__PlantUML" ToName="PlantUML" ToObjectName="Keywords" ToPropertyName="PlantUML" Include="false" IsCollection="1" Description="" DataType="GUID"></Rename><Rename FromName="TargetFormat" FromObjectName="TargetFormat" FromPropertyName="" ToName="TargetFormat" ToObjectName="TargetFormat" ToPropertyName="" Include="true"></Rename><Rename FromName="TargetFormat.__TargetFormatId" FromObjectName="TargetFormat" FromPropertyName="__TargetFormatId" ToName="TargetFormatId" ToObjectName="TargetFormat" ToPropertyName="TargetFormatId" Include="false" IsCollection="false" Description="" DataType="GUID"></Rename><Rename FromName="TargetFormat.Name" FromObjectName="TargetFormat" FromPropertyName="Name" ToName="Name" ToObjectName="TargetFormat" ToPropertyName="Name" Include="true" IsCollection="0" Description="" DataType="TEXT"></Rename><Rename FromName="TargetFormat.DisplayName" FromObjectName="TargetFormat" FromPropertyName="DisplayName" ToName="DisplayName" ToObjectName="TargetFormat" ToPropertyName="DisplayName" Include="true" IsCollection="0" Description="" DataType="TEXT"></Rename><Rename FromName="TargetFormat.IsUMLDiagram" FromObjectName="TargetFormat" FromPropertyName="IsUMLDiagram" ToName="IsUMLDiagram" ToObjectName="TargetFormat" ToPropertyName="IsUMLDiagram" Include="true" IsCollection="0" Description="" DataType="BOOLEAN"></Rename><Rename FromName="TargetFormat.__Keywords" FromObjectName="TargetFormat" FromPropertyName="__Keywords" ToName="Keywords" ToObjectName="TargetFormat" ToPropertyName="Keywords" Include="false" IsCollection="1" Description="" DataType="GUID"></Rename><Rename FromName="Keyword" FromObjectName="Keyword" FromPropertyName="" ToName="Keyword" ToObjectName="Keyword" ToPropertyName="" Include="true"></Rename><Rename FromName="Keyword.__KeywordId" FromObjectName="Keyword" FromPropertyName="__KeywordId" ToName="KeywordId" ToObjectName="Keyword" ToPropertyName="KeywordId" Include="false" IsCollection="false" Description="" DataType="GUID"></Rename><Rename FromName="Keyword.Name" FromObjectName="Keyword" FromPropertyName="Name" ToName="Name" ToObjectName="Keyword" ToPropertyName="Name" Include="true" IsCollection="0" Description="" DataType="TEXT"></Rename><Rename FromName="Keyword.KeywordText" FromObjectName="Keyword" FromPropertyName="KeywordText" ToName="KeywordText" ToObjectName="Keyword" ToPropertyName="KeywordText" Include="true" IsCollection="0" Description="" DataType="TEXT"></Rename><Rename FromName="Keyword.RegEx" FromObjectName="Keyword" FromPropertyName="RegEx" ToName="RegEx" ToObjectName="Keyword" ToPropertyName="RegEx" Include="true" IsCollection="0" Description="" DataType="TEXT"></Rename><Rename FromName="Keyword.__Keywords" FromObjectName="Keyword" FromPropertyName="__Keywords" ToName="Keywords" ToObjectName="Keyword" ToPropertyName="Keywords" Include="false" IsCollection="1" Description="" DataType="GUID"></Rename><Rename FromName="SequenceTypes" FromObjectName="SequenceTypes" FromPropertyName="" ToName="SequenceTypes" ToObjectName="SequenceTypes" ToPropertyName="" Include="false"></Rename><Rename FromName="SequenceTypes.__SequenceTypesId" FromObjectName="SequenceTypes" FromPropertyName="__SequenceTypesId" ToName="SequenceTypesId" ToObjectName="SequenceTypes" ToPropertyName="SequenceTypesId" Include="false" IsCollection="false" Description="" DataType="GUID"></Rename><Rename FromName="SequenceTypes.__PlantUML" FromObjectName="SequenceTypes" FromPropertyName="__PlantUML" ToName="PlantUML" ToObjectName="SequenceTypes" ToPropertyName="PlantUML" Include="false" IsCollection="0" Description="" DataType="GUID"></Rename><Rename FromName="SequenceType" FromObjectName="SequenceType" FromPropertyName="" ToName="SequenceType" ToObjectName="SequenceType" ToPropertyName="" Include="true"></Rename><Rename FromName="SequenceType.__SequenceTypeId" FromObjectName="SequenceType" FromPropertyName="__SequenceTypeId" ToName="SequenceTypeId" ToObjectName="SequenceType" ToPropertyName="SequenceTypeId" Include="false" IsCollection="false" Description="" DataType="GUID"></Rename><Rename FromName="SequenceType.Name" FromObjectName="SequenceType" FromPropertyName="Name" ToName="Name" ToObjectName="SequenceType" ToPropertyName="Name" Include="true" IsCollection="0" Description="" DataType="TEXT"></Rename><Rename FromName="SequenceType.SequenceIdentifier" FromObjectName="SequenceType" FromPropertyName="SequenceIdentifier" ToName="SequenceIdentifier" ToObjectName="SequenceType" ToPropertyName="SequenceIdentifier" Include="true" IsCollection="0" Description="" DataType="TEXT"></Rename><Rename FromName="SequenceType.ReverseSequenceIdentifier" FromObjectName="SequenceType" FromPropertyName="ReverseSequenceIdentifier" ToName="ReverseSequenceIdentifier" ToObjectName="SequenceType" ToPropertyName="ReverseSequenceIdentifier" Include="true" IsCollection="0" Description="" DataType="TEXT"></Rename><Rename FromName="SequenceType.__SequenceTypes" FromObjectName="SequenceType" FromPropertyName="__SequenceTypes" ToName="SequenceTypes" ToObjectName="SequenceType" ToPropertyName="SequenceTypes" Include="false" IsCollection="1" Description="" DataType="GUID"></Rename><Rename FromName="InstructionTypes" FromObjectName="InstructionTypes" FromPropertyName="" ToName="InstructionTypes" ToObjectName="InstructionTypes" ToPropertyName="" Include="false"></Rename><Rename FromName="InstructionTypes.__InstructionTypesId" FromObjectName="InstructionTypes" FromPropertyName="__InstructionTypesId" ToName="InstructionTypesId" ToObjectName="InstructionTypes" ToPropertyName="InstructionTypesId" Include="true" IsCollection="false" Description="" DataType="GUID"></Rename><Rename FromName="InstructionTypes.__PlantUML" FromObjectName="InstructionTypes" FromPropertyName="__PlantUML" ToName="PlantUML" ToObjectName="InstructionTypes" ToPropertyName="PlantUML" Include="true" IsCollection="0" Description="" DataType="GUID"></Rename><Rename FromName="InstructionType" FromObjectName="InstructionType" FromPropertyName="" ToName="InstructionType" ToObjectName="InstructionType" ToPropertyName="" Include="true"></Rename><Rename FromName="InstructionType.__InstructionTypeId" FromObjectName="InstructionType" FromPropertyName="__InstructionTypeId" ToName="InstructionTypeId" ToObjectName="InstructionType" ToPropertyName="InstructionTypeId" Include="false" IsCollection="false" Description="" DataType="GUID"></Rename><Rename FromName="InstructionType.Name" FromObjectName="InstructionType" FromPropertyName="Name" ToName="Name" ToObjectName="InstructionType" ToPropertyName="Name" Include="true" IsCollection="0" Description="" DataType="TEXT"></Rename><Rename FromName="InstructionType.KeywordText" FromObjectName="InstructionType" FromPropertyName="KeywordText" ToName="KeywordText" ToObjectName="InstructionType" ToPropertyName="KeywordText" Include="true" IsCollection="0" Description="" DataType="TEXT"></Rename><Rename FromName="InstructionType.RegEx" FromObjectName="InstructionType" FromPropertyName="RegEx" ToName="RegEx" ToObjectName="InstructionType" ToPropertyName="RegEx" Include="true" IsCollection="0" Description="" DataType="TEXT"></Rename><Rename FromName="InstructionType.TargetFormatName" FromObjectName="InstructionType" FromPropertyName="TargetFormatName" ToName="TargetFormatName" ToObjectName="InstructionType" ToPropertyName="TargetFormatName" Include="true" IsCollection="0" Description="" DataType="TEXT"></Rename><Rename FromName="InstructionType.SampleStatement" FromObjectName="InstructionType" FromPropertyName="SampleStatement" ToName="SampleStatement" ToObjectName="InstructionType" ToPropertyName="SampleStatement" Include="true" IsCollection="0" Description="" DataType="TEXT"></Rename><Rename FromName="InstructionType.SortOrder" FromObjectName="InstructionType" FromPropertyName="SortOrder" ToName="SortOrder" ToObjectName="InstructionType" ToPropertyName="SortOrder" Include="true" IsCollection="0" Description="" DataType="BYTE"></Rename><Rename FromName="InstructionType.__InstructionTypes" FromObjectName="InstructionType" FromPropertyName="__InstructionTypes" ToName="InstructionTypes" ToObjectName="InstructionType" ToPropertyName="InstructionTypes" Include="false" IsCollection="1" Description="" DataType="GUID"></Rename><Rename FromName="PlantTextFiles" FromObjectName="PlantTextFiles" FromPropertyName="" ToName="PlantTextFiles" ToObjectName="PlantTextFiles" ToPropertyName="" Include="false"></Rename><Rename FromName="PlantTextFiles.__PlantTextFilesId" FromObjectName="PlantTextFiles" FromPropertyName="__PlantTextFilesId" ToName="PlantTextFilesId" ToObjectName="PlantTextFiles" ToPropertyName="PlantTextFilesId" Include="false" IsCollection="false" Description="" DataType="GUID"></Rename><Rename FromName="PlantTextFiles.__PlantUML" FromObjectName="PlantTextFiles" FromPropertyName="__PlantUML" ToName="PlantUML" ToObjectName="PlantTextFiles" ToPropertyName="PlantUML" Include="false" IsCollection="0" Description="" DataType="GUID"></Rename><Rename FromName="PlantTextFile" FromObjectName="PlantTextFile" FromPropertyName="" ToName="PlantTextFile" ToObjectName="PlantTextFile" ToPropertyName="" Include="true"></Rename><Rename FromName="PlantTextFile.__PlantTextFileId" FromObjectName="PlantTextFile" FromPropertyName="__PlantTextFileId" ToName="PlantTextFileId" ToObjectName="PlantTextFile" ToPropertyName="PlantTextFileId" Include="false" IsCollection="false" Description="" DataType="GUID"></Rename><Rename FromName="PlantTextFile.Name" FromObjectName="PlantTextFile" FromPropertyName="Name" ToName="Name" ToObjectName="PlantTextFile" ToPropertyName="Name" Include="true" IsCollection="0" Description="" DataType="TEXT"></Rename><Rename FromName="PlantTextFile.PlantText" FromObjectName="PlantTextFile" FromPropertyName="PlantText" ToName="PlantText" ToObjectName="PlantTextFile" ToPropertyName="PlantText" Include="true" IsCollection="0" Description="" DataType="TEXT"></Rename><Rename FromName="PlantTextFile.__PlantTextFiles" FromObjectName="PlantTextFile" FromPropertyName="__PlantTextFiles" ToName="PlantTextFiles" ToObjectName="PlantTextFile" ToPropertyName="PlantTextFiles" Include="false" IsCollection="1" Description="" DataType="GUID"></Rename><Rename FromName="Instructions" FromObjectName="Instructions" FromPropertyName="" ToName="Instructions" ToObjectName="Instructions" ToPropertyName="" Include="false"></Rename><Rename FromName="Instructions.__InstructionsId" FromObjectName="Instructions" FromPropertyName="__InstructionsId" ToName="InstructionsId" ToObjectName="Instructions" ToPropertyName="InstructionsId" Include="false" IsCollection="false" Description="" DataType="GUID"></Rename><Rename FromName="Instructions.__PlantTextFile" FromObjectName="Instructions" FromPropertyName="__PlantTextFile" ToName="PlantTextFile" ToObjectName="Instructions" ToPropertyName="PlantTextFile" Include="false" IsCollection="0" Description="" DataType="GUID"></Rename><Rename FromName="Instruction" FromObjectName="Instruction" FromPropertyName="" ToName="Instruction" ToObjectName="Instruction" ToPropertyName="" Include="true"></Rename><Rename FromName="Instruction.__InstructionId" FromObjectName="Instruction" FromPropertyName="__InstructionId" ToName="InstructionId" ToObjectName="Instruction" ToPropertyName="InstructionId" Include="false" IsCollection="false" Description="" DataType="GUID"></Rename><Rename FromName="Instruction.Name" FromObjectName="Instruction" FromPropertyName="Name" ToName="Name" ToObjectName="Instruction" ToPropertyName="Name" Include="true" IsCollection="0" Description="" DataType="TEXT"></Rename><Rename FromName="Instruction.InstructionType" FromObjectName="Instruction" FromPropertyName="InstructionType" ToName="InstructionType" ToObjectName="Instruction" ToPropertyName="InstructionType" Include="true" IsCollection="0" Description="" DataType="TEXT"></Rename><Rename FromName="Instruction.Sequence" FromObjectName="Instruction" FromPropertyName="Sequence" ToName="Sequence" ToObjectName="Instruction" ToPropertyName="Sequence" Include="true" IsCollection="0" Description="" DataType="TEXT"></Rename><Rename FromName="Instruction.LeftParticipantName" FromObjectName="Instruction" FromPropertyName="LeftParticipantName" ToName="LeftParticipantName" ToObjectName="Instruction" ToPropertyName="LeftParticipantName" Include="true" IsCollection="0" Description="" DataType="TEXT"></Rename><Rename FromName="Instruction.RightParticipantName" FromObjectName="Instruction" FromPropertyName="RightParticipantName" ToName="RightParticipantName" ToObjectName="Instruction" ToPropertyName="RightParticipantName" Include="true" IsCollection="0" Description="" DataType="TEXT"></Rename><Rename FromName="Instruction.AdditionalText" FromObjectName="Instruction" FromPropertyName="AdditionalText" ToName="AdditionalText" ToObjectName="Instruction" ToPropertyName="AdditionalText" Include="true" IsCollection="0" Description="" DataType="TEXT"></Rename><Rename FromName="Instruction.UseAlternateInstructionFormat" FromObjectName="Instruction" FromPropertyName="UseAlternateInstructionFormat" ToName="UseAlternateInstructionFormat" ToObjectName="Instruction" ToPropertyName="UseAlternateInstructionFormat" Include="true" IsCollection="0" Description="" DataType="BOOLEAN"></Rename><Rename FromName="Instruction.AlternateLeftParticipantName" FromObjectName="Instruction" FromPropertyName="AlternateLeftParticipantName" ToName="AlternateLeftParticipantName" ToObjectName="Instruction" ToPropertyName="AlternateLeftParticipantName" Include="true" IsCollection="0" Description="" DataType="TEXT"></Rename><Rename FromName="Instruction.AlternatSequenceId" FromObjectName="Instruction" FromPropertyName="AlternatSequenceId" ToName="AlternatSequenceId" ToObjectName="Instruction" ToPropertyName="AlternatSequenceId" Include="true" IsCollection="0" Description="" DataType="TEXT"></Rename><Rename FromName="Instruction.AlternateRightParticipantName" FromObjectName="Instruction" FromPropertyName="AlternateRightParticipantName" ToName="AlternateRightParticipantName" ToObjectName="Instruction" ToPropertyName="AlternateRightParticipantName" Include="true" IsCollection="0" Description="" DataType="TEXT"></Rename><Rename FromName="Instruction.ExpectedPlantText" FromObjectName="Instruction" FromPropertyName="ExpectedPlantText" ToName="ExpectedPlantText" ToObjectName="Instruction" ToPropertyName="ExpectedPlantText" Include="true" IsCollection="0" Description="" DataType="TEXT"></Rename><Rename FromName="Instruction.LeftRightInstructionText" FromObjectName="Instruction" FromPropertyName="LeftRightInstructionText" ToName="LeftRightInstructionText" ToObjectName="Instruction" ToPropertyName="LeftRightInstructionText" Include="true" IsCollection="0" Description="" DataType="TEXT"></Rename><Rename FromName="Instruction.DeclarationInstructionText" FromObjectName="Instruction" FromPropertyName="DeclarationInstructionText" ToName="DeclarationInstructionText" ToObjectName="Instruction" ToPropertyName="DeclarationInstructionText" Include="true" IsCollection="0" Description="" DataType="TEXT"></Rename><Rename FromName="Instruction.SortOrder" FromObjectName="Instruction" FromPropertyName="SortOrder" ToName="SortOrder" ToObjectName="Instruction" ToPropertyName="SortOrder" Include="true" IsCollection="0" Description="" DataType="BYTE"></Rename><Rename FromName="Instruction.__Instructions" FromObjectName="Instruction" FromPropertyName="__Instructions" ToName="Instructions" ToObjectName="Instruction" ToPropertyName="Instructions" Include="false" IsCollection="1" Description="" DataType="GUID"></Rename></Renames>