<PlantUML><ParticipantTypes><ParticipantType><Name>participant</Name></ParticipantType><ParticipantType><Name>actor</Name></ParticipantType><ParticipantType><Name>boundary</Name></ParticipantType><ParticipantType><Name>control</Name></ParticipantType><ParticipantType><Name>entity</Name></ParticipantType><ParticipantType><Name>database</Name></ParticipantType><ParticipantType><Name>collections</Name></ParticipantType><ParticipantType><Name>queue</Name></ParticipantType></ParticipantTypes><Keywords><Keyword><Name>title</Name><KeywordText>title</KeywordText><RegEx>title</RegEx></Keyword><Keyword><Name>stop</Name><KeywordText>stop</KeywordText><RegEx>stop</RegEx></Keyword><Keyword><Name>start</Name><KeywordText>start</KeywordText><RegEx>start</RegEx></Keyword><Keyword><Name>enduml</Name><KeywordText>@enduml</KeywordText><RegEx>@enduml</RegEx></Keyword><Keyword><Name>as</Name><KeywordText>as</KeywordText><RegEx>as</RegEx></Keyword><Keyword><Name>startuml</Name><KeywordText>@startuml</KeywordText><RegEx>@startuml</RegEx></Keyword></Keywords><Keywords><TargetFormat><Name>SequenceDiagram</Name><DisplayName>Sequence Diagram</DisplayName><IsUMLDiagram>true</IsUMLDiagram></TargetFormat><TargetFormat><Name>UsecaseDiagram</Name><DisplayName>Usecase Diagram</DisplayName><IsUMLDiagram>true</IsUMLDiagram></TargetFormat><TargetFormat><Name>ClassDiagram</Name><DisplayName>Class Diagram</DisplayName><IsUMLDiagram>true</IsUMLDiagram></TargetFormat><TargetFormat><Name>ObjectDiagram</Name><DisplayName>Object Diagram</DisplayName><IsUMLDiagram>true</IsUMLDiagram></TargetFormat><TargetFormat><Name>ActivityDiagram</Name><DisplayName>Activity Diagram</DisplayName><IsUMLDiagram>true</IsUMLDiagram></TargetFormat><TargetFormat><Name>ComponentDiagram</Name><DisplayName>Component Diagram</DisplayName><IsUMLDiagram>true</IsUMLDiagram></TargetFormat><TargetFormat><Name>DeploymentDiagram</Name><DisplayName>Deployment Diagram</DisplayName><IsUMLDiagram>true</IsUMLDiagram></TargetFormat><TargetFormat><Name>StateDiagram</Name><DisplayName>State Diagram</DisplayName><IsUMLDiagram>true</IsUMLDiagram></TargetFormat><TargetFormat><Name>TimingDiagram</Name><DisplayName>Timing Diagram</DisplayName><IsUMLDiagram>true</IsUMLDiagram></TargetFormat><TargetFormat><Name>JSONData</Name><DisplayName>JSON Data</DisplayName></TargetFormat><TargetFormat><Name>YAMLData</Name><DisplayName>YAML Data</DisplayName></TargetFormat><TargetFormat><Name>NetworkDiagramNWDIAG</Name><DisplayName>Network Diagram NWDIAG</DisplayName></TargetFormat><TargetFormat><Name>Wireframegraphicalinterface</Name><DisplayName>Wireframe graphical interface</DisplayName></TargetFormat><TargetFormat><Name>ArchimateDiagram</Name><DisplayName>Archimate Diagram</DisplayName></TargetFormat><TargetFormat><Name>SpecificationandDescriptionLanguageSDL</Name><DisplayName>Specification and Description Language SDL</DisplayName></TargetFormat><TargetFormat><Name>DitaaDiagram</Name><DisplayName>Ditaa Diagram</DisplayName></TargetFormat><TargetFormat><Name>GanttDiagram</Name><DisplayName>Gantt Diagram</DisplayName></TargetFormat><TargetFormat><Name>MindMapDiagram</Name><DisplayName>MindMap Diagram</DisplayName></TargetFormat><TargetFormat><Name>WorkBreakdownStructureDiagram</Name><DisplayName>Work Breakdown Structure Diagram</DisplayName></TargetFormat><TargetFormat><Name>MathematicwithAsciiMathorJLaTeXMathnotation</Name><DisplayName>Mathematic with AsciiMath or JLaTeXMath notation</DisplayName></TargetFormat><TargetFormat><Name>EntityRelationshipDiagram</Name><DisplayName>Entity Relationship Diagram</DisplayName></TargetFormat></Keywords><SequenceTypes><SequenceType><Name>DottedDirectedLine</Name><SequenceIdentifier>--&gt;</SequenceIdentifier><ReverseSequenceIdentifier>&lt;--</ReverseSequenceIdentifier></SequenceType><SequenceType><Name>DirectedLine</Name><SequenceIdentifier>-&gt;</SequenceIdentifier><ReverseSequenceIdentifier>&lt;-</ReverseSequenceIdentifier></SequenceType></SequenceTypes><InstructionTypes><InstructionType><Name>Declaration</Name><RegEx>(participant|actor)(.*)( as )(.*)</RegEx><SampleStatement>participant participant as Foo #red</SampleStatement><SortOrder>1</SortOrder></InstructionType><InstructionType><Name>LeftRightMessage</Name><RegEx>([^-]*)( ?-?-> ?)([^\\ ?: ?]*)(:)(.*)</RegEx><SampleStatement>Bob --> Alice: Authentication Response</SampleStatement><SortOrder>2</SortOrder></InstructionType><InstructionType><Name>StartUML</Name><KeywordText>@startuml</KeywordText><RegEx>@startuml</RegEx><TargetFormatName>SequenceDiagram</TargetFormatName><SampleStatement>@startuml</SampleStatement><SortOrder>3</SortOrder></InstructionType><InstructionType><Name>EndUML</Name><KeywordText>@enduml</KeywordText><RegEx>@enduml</RegEx><TargetFormatName>SequenceDiagram</TargetFormatName><SampleStatement>@enduml</SampleStatement><SortOrder>4</SortOrder></InstructionType><InstructionType><Name>Start</Name><KeywordText>start</KeywordText><RegEx>start</RegEx><SampleStatement>start</SampleStatement><SortOrder>5</SortOrder></InstructionType><InstructionType><Name>Stop</Name><KeywordText>stop</KeywordText><RegEx>stop</RegEx><SampleStatement>stop</SampleStatement><SortOrder>6</SortOrder></InstructionType><InstructionType><Name>Title</Name><KeywordText>title</KeywordText><RegEx>title</RegEx><SampleStatement>title This is a title</SampleStatement><SortOrder>7</SortOrder></InstructionType><InstructionType><Name>As</Name><KeywordText>as</KeywordText><RegEx>as</RegEx><SampleStatement>as</SampleStatement><SortOrder>8</SortOrder></InstructionType></InstructionTypes><PlantTextFiles><PlantTextFile><Name>sample2</Name><PlantText>@startuml
participant participant as Foo
actor actor as Foo1
boundary boundary as Foo2
control control as Foo3
entity entity as Foo4
database database as Foo5
collections collections as Foo6
queue queue as Foo7
Foo -&gt; Foo1 : To actor
Foo -&gt; Foo2 : To boundary
Foo -&gt; Foo3 : To control
Foo -&gt; Foo4 : To entity
Foo -&gt; Foo5 : To database
Foo -&gt; Foo6 : To collections
Foo -&gt; Foo7: To queue
@enduml</PlantText><Instructions><Instruction><Name>@startuml</Name><InstructionType>rec2qCfVawInG48WU</InstructionType><ExpectedPlantText>@startuml
participant participant as Foo
actor actor as Foo1
boundary boundary as Foo2
control control as Foo3
entity entity as Foo4
database database as Foo5
collections collections as Foo6
queue queue as Foo7
Foo -&gt; Foo1 : To actor
Foo -&gt; Foo2 : To boundary
Foo -&gt; Foo3 : To control
Foo -&gt; Foo4 : To entity
Foo -&gt; Foo5 : To database
Foo -&gt; Foo6 : To collections
Foo -&gt; Foo7: To queue
@enduml</ExpectedPlantText><LeftRightInstructionText>  : </LeftRightInstructionText><DeclarationInstructionText></DeclarationInstructionText><SortOrder>1</SortOrder></Instruction><Instruction><Name>participant participant as Foo</Name><InstructionType>recbyYxbq7On2MlYv</InstructionType><ExpectedPlantText>@startuml
participant participant as Foo
actor actor as Foo1
boundary boundary as Foo2
control control as Foo3
entity entity as Foo4
database database as Foo5
collections collections as Foo6
queue queue as Foo7
Foo -&gt; Foo1 : To actor
Foo -&gt; Foo2 : To boundary
Foo -&gt; Foo3 : To control
Foo -&gt; Foo4 : To entity
Foo -&gt; Foo5 : To database
Foo -&gt; Foo6 : To collections
Foo -&gt; Foo7: To queue
@enduml</ExpectedPlantText><LeftRightInstructionText>  : </LeftRightInstructionText><DeclarationInstructionText>participant participant as Foo</DeclarationInstructionText><SortOrder>2</SortOrder></Instruction><Instruction><Name>actor actor as Foo1</Name><InstructionType>recbyYxbq7On2MlYv</InstructionType><ExpectedPlantText>@startuml
participant participant as Foo
actor actor as Foo1
boundary boundary as Foo2
control control as Foo3
entity entity as Foo4
database database as Foo5
collections collections as Foo6
queue queue as Foo7
Foo -&gt; Foo1 : To actor
Foo -&gt; Foo2 : To boundary
Foo -&gt; Foo3 : To control
Foo -&gt; Foo4 : To entity
Foo -&gt; Foo5 : To database
Foo -&gt; Foo6 : To collections
Foo -&gt; Foo7: To queue
@enduml</ExpectedPlantText><LeftRightInstructionText>  : </LeftRightInstructionText><DeclarationInstructionText>actor actor as Foo1</DeclarationInstructionText><SortOrder>3</SortOrder></Instruction><Instruction><Name>boundary boundary as Foo2</Name><InstructionType>recbyYxbq7On2MlYv</InstructionType><ExpectedPlantText>@startuml
participant participant as Foo
actor actor as Foo1
boundary boundary as Foo2
control control as Foo3
entity entity as Foo4
database database as Foo5
collections collections as Foo6
queue queue as Foo7
Foo -&gt; Foo1 : To actor
Foo -&gt; Foo2 : To boundary
Foo -&gt; Foo3 : To control
Foo -&gt; Foo4 : To entity
Foo -&gt; Foo5 : To database
Foo -&gt; Foo6 : To collections
Foo -&gt; Foo7: To queue
@enduml</ExpectedPlantText><LeftRightInstructionText>  : </LeftRightInstructionText><DeclarationInstructionText>boundary boundary as Foo2</DeclarationInstructionText><SortOrder>4</SortOrder></Instruction><Instruction><Name>control control as Foo3</Name><InstructionType>recbyYxbq7On2MlYv</InstructionType><ExpectedPlantText>@startuml
participant participant as Foo
actor actor as Foo1
boundary boundary as Foo2
control control as Foo3
entity entity as Foo4
database database as Foo5
collections collections as Foo6
queue queue as Foo7
Foo -&gt; Foo1 : To actor
Foo -&gt; Foo2 : To boundary
Foo -&gt; Foo3 : To control
Foo -&gt; Foo4 : To entity
Foo -&gt; Foo5 : To database
Foo -&gt; Foo6 : To collections
Foo -&gt; Foo7: To queue
@enduml</ExpectedPlantText><LeftRightInstructionText>  : </LeftRightInstructionText><DeclarationInstructionText>control control as Foo3</DeclarationInstructionText><SortOrder>5</SortOrder></Instruction><Instruction><Name>entity entity as Foo4</Name><InstructionType>recbyYxbq7On2MlYv</InstructionType><ExpectedPlantText>@startuml
participant participant as Foo
actor actor as Foo1
boundary boundary as Foo2
control control as Foo3
entity entity as Foo4
database database as Foo5
collections collections as Foo6
queue queue as Foo7
Foo -&gt; Foo1 : To actor
Foo -&gt; Foo2 : To boundary
Foo -&gt; Foo3 : To control
Foo -&gt; Foo4 : To entity
Foo -&gt; Foo5 : To database
Foo -&gt; Foo6 : To collections
Foo -&gt; Foo7: To queue
@enduml</ExpectedPlantText><LeftRightInstructionText>  : </LeftRightInstructionText><DeclarationInstructionText>entity entity as Foo4</DeclarationInstructionText><SortOrder>6</SortOrder></Instruction><Instruction><Name>database database as Foo5</Name><InstructionType>recbyYxbq7On2MlYv</InstructionType><ExpectedPlantText>@startuml
participant participant as Foo
actor actor as Foo1
boundary boundary as Foo2
control control as Foo3
entity entity as Foo4
database database as Foo5
collections collections as Foo6
queue queue as Foo7
Foo -&gt; Foo1 : To actor
Foo -&gt; Foo2 : To boundary
Foo -&gt; Foo3 : To control
Foo -&gt; Foo4 : To entity
Foo -&gt; Foo5 : To database
Foo -&gt; Foo6 : To collections
Foo -&gt; Foo7: To queue
@enduml</ExpectedPlantText><LeftRightInstructionText>  : </LeftRightInstructionText><DeclarationInstructionText>database database as Foo5</DeclarationInstructionText><SortOrder>7</SortOrder></Instruction><Instruction><Name>collections collections as Foo6</Name><InstructionType>recbyYxbq7On2MlYv</InstructionType><ExpectedPlantText>@startuml
participant participant as Foo
actor actor as Foo1
boundary boundary as Foo2
control control as Foo3
entity entity as Foo4
database database as Foo5
collections collections as Foo6
queue queue as Foo7
Foo -&gt; Foo1 : To actor
Foo -&gt; Foo2 : To boundary
Foo -&gt; Foo3 : To control
Foo -&gt; Foo4 : To entity
Foo -&gt; Foo5 : To database
Foo -&gt; Foo6 : To collections
Foo -&gt; Foo7: To queue
@enduml</ExpectedPlantText><LeftRightInstructionText>  : </LeftRightInstructionText><DeclarationInstructionText>collections collections as Foo6</DeclarationInstructionText><SortOrder>8</SortOrder></Instruction><Instruction><Name>queue queue as Foo7</Name><InstructionType>recbyYxbq7On2MlYv</InstructionType><ExpectedPlantText>@startuml
participant participant as Foo
actor actor as Foo1
boundary boundary as Foo2
control control as Foo3
entity entity as Foo4
database database as Foo5
collections collections as Foo6
queue queue as Foo7
Foo -&gt; Foo1 : To actor
Foo -&gt; Foo2 : To boundary
Foo -&gt; Foo3 : To control
Foo -&gt; Foo4 : To entity
Foo -&gt; Foo5 : To database
Foo -&gt; Foo6 : To collections
Foo -&gt; Foo7: To queue
@enduml</ExpectedPlantText><LeftRightInstructionText>  : </LeftRightInstructionText><DeclarationInstructionText>queue queue as Foo7</DeclarationInstructionText><SortOrder>9</SortOrder></Instruction><Instruction><Name>Foo -&gt; Foo1: To actor</Name><InstructionType>recmycltGPSz7NW3D</InstructionType><Sequence>-&gt;</Sequence><LeftParticipantName>Foo</LeftParticipantName><RightParticipantName>actor</RightParticipantName><AdditionalText>To actor</AdditionalText><AlternateLeftParticipantName>actor</AlternateLeftParticipantName><AlternatSequenceId>&lt;-</AlternatSequenceId><AlternateRightParticipantName>Foo</AlternateRightParticipantName><ExpectedPlantText>@startuml
participant participant as Foo
actor actor as Foo1
boundary boundary as Foo2
control control as Foo3
entity entity as Foo4
database database as Foo5
collections collections as Foo6
queue queue as Foo7
Foo -&gt; Foo1 : To actor
Foo -&gt; Foo2 : To boundary
Foo -&gt; Foo3 : To control
Foo -&gt; Foo4 : To entity
Foo -&gt; Foo5 : To database
Foo -&gt; Foo6 : To collections
Foo -&gt; Foo7: To queue
@enduml</ExpectedPlantText><LeftRightInstructionText>Foo -&gt; Foo1: To actor</LeftRightInstructionText><DeclarationInstructionText></DeclarationInstructionText><SortOrder>10</SortOrder></Instruction><Instruction><Name>Foo -&gt; Foo2: To boundary</Name><InstructionType>recmycltGPSz7NW3D</InstructionType><Sequence>-&gt;</Sequence><LeftParticipantName>Foo</LeftParticipantName><RightParticipantName>boundary</RightParticipantName><AdditionalText>To boundary</AdditionalText><AlternateLeftParticipantName>boundary</AlternateLeftParticipantName><AlternatSequenceId>&lt;-</AlternatSequenceId><AlternateRightParticipantName>Foo</AlternateRightParticipantName><ExpectedPlantText>@startuml
participant participant as Foo
actor actor as Foo1
boundary boundary as Foo2
control control as Foo3
entity entity as Foo4
database database as Foo5
collections collections as Foo6
queue queue as Foo7
Foo -&gt; Foo1 : To actor
Foo -&gt; Foo2 : To boundary
Foo -&gt; Foo3 : To control
Foo -&gt; Foo4 : To entity
Foo -&gt; Foo5 : To database
Foo -&gt; Foo6 : To collections
Foo -&gt; Foo7: To queue
@enduml</ExpectedPlantText><LeftRightInstructionText>Foo -&gt; Foo2: To boundary</LeftRightInstructionText><DeclarationInstructionText></DeclarationInstructionText><SortOrder>11</SortOrder></Instruction><Instruction><Name>Foo -&gt; Foo3: To control</Name><InstructionType>recmycltGPSz7NW3D</InstructionType><Sequence>-&gt;</Sequence><LeftParticipantName>Foo</LeftParticipantName><RightParticipantName>control</RightParticipantName><AdditionalText>To control</AdditionalText><AlternateLeftParticipantName>control</AlternateLeftParticipantName><AlternatSequenceId>&lt;-</AlternatSequenceId><AlternateRightParticipantName>Foo</AlternateRightParticipantName><ExpectedPlantText>@startuml
participant participant as Foo
actor actor as Foo1
boundary boundary as Foo2
control control as Foo3
entity entity as Foo4
database database as Foo5
collections collections as Foo6
queue queue as Foo7
Foo -&gt; Foo1 : To actor
Foo -&gt; Foo2 : To boundary
Foo -&gt; Foo3 : To control
Foo -&gt; Foo4 : To entity
Foo -&gt; Foo5 : To database
Foo -&gt; Foo6 : To collections
Foo -&gt; Foo7: To queue
@enduml</ExpectedPlantText><LeftRightInstructionText>Foo -&gt; Foo3: To control</LeftRightInstructionText><DeclarationInstructionText></DeclarationInstructionText><SortOrder>12</SortOrder></Instruction><Instruction><Name>Foo -&gt; Foo4: To entity</Name><InstructionType>recmycltGPSz7NW3D</InstructionType><Sequence>-&gt;</Sequence><LeftParticipantName>Foo</LeftParticipantName><RightParticipantName>entity</RightParticipantName><AdditionalText>To entity</AdditionalText><AlternateLeftParticipantName>entity</AlternateLeftParticipantName><AlternatSequenceId>&lt;-</AlternatSequenceId><AlternateRightParticipantName>Foo</AlternateRightParticipantName><ExpectedPlantText>@startuml
participant participant as Foo
actor actor as Foo1
boundary boundary as Foo2
control control as Foo3
entity entity as Foo4
database database as Foo5
collections collections as Foo6
queue queue as Foo7
Foo -&gt; Foo1 : To actor
Foo -&gt; Foo2 : To boundary
Foo -&gt; Foo3 : To control
Foo -&gt; Foo4 : To entity
Foo -&gt; Foo5 : To database
Foo -&gt; Foo6 : To collections
Foo -&gt; Foo7: To queue
@enduml</ExpectedPlantText><LeftRightInstructionText>Foo -&gt; Foo4: To entity</LeftRightInstructionText><DeclarationInstructionText></DeclarationInstructionText><SortOrder>13</SortOrder></Instruction><Instruction><Name>Foo -&gt; Foo5: To database</Name><InstructionType>recmycltGPSz7NW3D</InstructionType><Sequence>-&gt;</Sequence><LeftParticipantName>Foo</LeftParticipantName><RightParticipantName>database</RightParticipantName><AdditionalText>To database</AdditionalText><AlternateLeftParticipantName>database</AlternateLeftParticipantName><AlternatSequenceId>&lt;-</AlternatSequenceId><AlternateRightParticipantName>Foo</AlternateRightParticipantName><ExpectedPlantText>@startuml
participant participant as Foo
actor actor as Foo1
boundary boundary as Foo2
control control as Foo3
entity entity as Foo4
database database as Foo5
collections collections as Foo6
queue queue as Foo7
Foo -&gt; Foo1 : To actor
Foo -&gt; Foo2 : To boundary
Foo -&gt; Foo3 : To control
Foo -&gt; Foo4 : To entity
Foo -&gt; Foo5 : To database
Foo -&gt; Foo6 : To collections
Foo -&gt; Foo7: To queue
@enduml</ExpectedPlantText><LeftRightInstructionText>Foo -&gt; Foo5: To database</LeftRightInstructionText><DeclarationInstructionText></DeclarationInstructionText><SortOrder>14</SortOrder></Instruction><Instruction><Name>Foo -&gt; Foo6: To collections</Name><InstructionType>recmycltGPSz7NW3D</InstructionType><Sequence>-&gt;</Sequence><LeftParticipantName>Foo</LeftParticipantName><RightParticipantName>collections</RightParticipantName><AdditionalText>To collections</AdditionalText><AlternateLeftParticipantName>collections</AlternateLeftParticipantName><AlternatSequenceId>&lt;-</AlternatSequenceId><AlternateRightParticipantName>Foo</AlternateRightParticipantName><ExpectedPlantText>@startuml
participant participant as Foo
actor actor as Foo1
boundary boundary as Foo2
control control as Foo3
entity entity as Foo4
database database as Foo5
collections collections as Foo6
queue queue as Foo7
Foo -&gt; Foo1 : To actor
Foo -&gt; Foo2 : To boundary
Foo -&gt; Foo3 : To control
Foo -&gt; Foo4 : To entity
Foo -&gt; Foo5 : To database
Foo -&gt; Foo6 : To collections
Foo -&gt; Foo7: To queue
@enduml</ExpectedPlantText><LeftRightInstructionText>Foo -&gt; Foo6: To collections</LeftRightInstructionText><DeclarationInstructionText></DeclarationInstructionText><SortOrder>15</SortOrder></Instruction><Instruction><Name>Foo -&gt; Foo7: To queue</Name><InstructionType>recmycltGPSz7NW3D</InstructionType><Sequence>-&gt;</Sequence><LeftParticipantName>Foo</LeftParticipantName><RightParticipantName>queue</RightParticipantName><AdditionalText>To queue</AdditionalText><AlternateLeftParticipantName>queue</AlternateLeftParticipantName><AlternatSequenceId>&lt;-</AlternatSequenceId><AlternateRightParticipantName>Foo</AlternateRightParticipantName><ExpectedPlantText>@startuml
participant participant as Foo
actor actor as Foo1
boundary boundary as Foo2
control control as Foo3
entity entity as Foo4
database database as Foo5
collections collections as Foo6
queue queue as Foo7
Foo -&gt; Foo1 : To actor
Foo -&gt; Foo2 : To boundary
Foo -&gt; Foo3 : To control
Foo -&gt; Foo4 : To entity
Foo -&gt; Foo5 : To database
Foo -&gt; Foo6 : To collections
Foo -&gt; Foo7: To queue
@enduml</ExpectedPlantText><LeftRightInstructionText>Foo -&gt; Foo7: To queue</LeftRightInstructionText><DeclarationInstructionText></DeclarationInstructionText><SortOrder>16</SortOrder></Instruction><Instruction><Name>@enduml</Name><InstructionType>recmaLIPTl2qwjOb6</InstructionType><ExpectedPlantText>@startuml
participant participant as Foo
actor actor as Foo1
boundary boundary as Foo2
control control as Foo3
entity entity as Foo4
database database as Foo5
collections collections as Foo6
queue queue as Foo7
Foo -&gt; Foo1 : To actor
Foo -&gt; Foo2 : To boundary
Foo -&gt; Foo3 : To control
Foo -&gt; Foo4 : To entity
Foo -&gt; Foo5 : To database
Foo -&gt; Foo6 : To collections
Foo -&gt; Foo7: To queue
@enduml</ExpectedPlantText><LeftRightInstructionText>  : </LeftRightInstructionText><DeclarationInstructionText></DeclarationInstructionText><SortOrder>17</SortOrder></Instruction></Instructions></PlantTextFile><PlantTextFile><Name>sample3</Name><Instructions><Instruction><Name>actor Bob #Red</Name><InstructionType>recbyYxbq7On2MlYv</InstructionType><LeftRightInstructionText>  : </LeftRightInstructionText><DeclarationInstructionText>actor Bob #Red</DeclarationInstructionText></Instruction></Instructions></PlantTextFile><PlantTextFile><Name>sample1</Name><PlantText>@startuml
Alice -&gt; Bob: Authentication Request
Bob --&gt; Alice: Authentication Response
Alice -&gt; Bob: Another authentication Request
Alice &lt;-- Bob: Another authentication Response
@enduml</PlantText><Instructions><Instruction><Name>Bob --&gt; Alice: Authentication Response</Name><InstructionType>recmycltGPSz7NW3D</InstructionType><Sequence>--&gt;</Sequence><LeftParticipantName>Bob</LeftParticipantName><RightParticipantName>Alice</RightParticipantName><AdditionalText>Authentication Response</AdditionalText><AlternateLeftParticipantName>Alice</AlternateLeftParticipantName><AlternatSequenceId>&lt;--</AlternatSequenceId><AlternateRightParticipantName>Bob</AlternateRightParticipantName><ExpectedPlantText>@startuml
Alice -&gt; Bob: Authentication Request
Bob --&gt; Alice: Authentication Response
Alice -&gt; Bob: Another authentication Request
Alice &lt;-- Bob: Another authentication Response
@enduml</ExpectedPlantText><LeftRightInstructionText>Bob --&gt; Alice: Authentication Response</LeftRightInstructionText><DeclarationInstructionText></DeclarationInstructionText><SortOrder>1</SortOrder></Instruction><Instruction><Name>Alice -&gt; Bob: Authentication Request</Name><InstructionType>recmycltGPSz7NW3D</InstructionType><Sequence>-&gt;</Sequence><LeftParticipantName>Alice</LeftParticipantName><RightParticipantName>Bob</RightParticipantName><AdditionalText>Authentication Request</AdditionalText><AlternateLeftParticipantName>Bob</AlternateLeftParticipantName><AlternatSequenceId>&lt;-</AlternatSequenceId><AlternateRightParticipantName>Alice</AlternateRightParticipantName><ExpectedPlantText>@startuml
Alice -&gt; Bob: Authentication Request
Bob --&gt; Alice: Authentication Response
Alice -&gt; Bob: Another authentication Request
Alice &lt;-- Bob: Another authentication Response
@enduml</ExpectedPlantText><LeftRightInstructionText>Alice -&gt; Bob: Authentication Request</LeftRightInstructionText><DeclarationInstructionText></DeclarationInstructionText><SortOrder>2</SortOrder></Instruction><Instruction><Name>Alice -&gt; Bob: Another Authentication Request</Name><InstructionType>recmycltGPSz7NW3D</InstructionType><Sequence>-&gt;</Sequence><LeftParticipantName>Alice</LeftParticipantName><RightParticipantName>Bob</RightParticipantName><AdditionalText>Another Authentication Request</AdditionalText><AlternateLeftParticipantName>Bob</AlternateLeftParticipantName><AlternatSequenceId>&lt;-</AlternatSequenceId><AlternateRightParticipantName>Alice</AlternateRightParticipantName><ExpectedPlantText>@startuml
Alice -&gt; Bob: Authentication Request
Bob --&gt; Alice: Authentication Response
Alice -&gt; Bob: Another authentication Request
Alice &lt;-- Bob: Another authentication Response
@enduml</ExpectedPlantText><LeftRightInstructionText>Alice -&gt; Bob: Another Authentication Request</LeftRightInstructionText><DeclarationInstructionText></DeclarationInstructionText><SortOrder>3</SortOrder></Instruction><Instruction><Name>Alice &lt;-- Bob: Another Authentication Response</Name><InstructionType>recmycltGPSz7NW3D</InstructionType><Sequence>--&gt;</Sequence><LeftParticipantName>Bob</LeftParticipantName><RightParticipantName>Alice</RightParticipantName><AdditionalText>Another Authentication Response</AdditionalText><UseAlternateInstructionFormat>true</UseAlternateInstructionFormat><AlternateLeftParticipantName>Alice</AlternateLeftParticipantName><AlternatSequenceId>&lt;--</AlternatSequenceId><AlternateRightParticipantName>Bob</AlternateRightParticipantName><ExpectedPlantText>@startuml
Alice -&gt; Bob: Authentication Request
Bob --&gt; Alice: Authentication Response
Alice -&gt; Bob: Another authentication Request
Alice &lt;-- Bob: Another authentication Response
@enduml</ExpectedPlantText><LeftRightInstructionText>Alice &lt;-- Bob: Another Authentication Response</LeftRightInstructionText><DeclarationInstructionText></DeclarationInstructionText><SortOrder>4</SortOrder></Instruction></Instructions></PlantTextFile></PlantTextFiles></PlantUML>